date,parish,accident_count
2015-01-02,Bienville,1
2015-01-02,Cameron,1
2015-01-05,Iberville,1
2015-01-05,St. Landry,1
2015-01-05,Winn,1
2015-01-06,Bossier,1
2015-01-06,Washington,1
2015-01-07,Calcasieu,1
2015-01-08,St. Charles,1
2015-01-12,Iberville,1
2015-01-16,Iberia,1
2015-01-20,Caddo,1
2015-01-20,East Baton Rouge,1
2015-01-21,Ascension,1
2015-01-28,East Baton Rouge,1
2015-01-28,Ouachita,1
2015-01-29,St. Helena,1
2015-02-01,Iberville,1
2015-02-02,Lafayette,1
2015-02-02,Orleans,1
2015-02-03,Rapides,1
2015-02-04,East Baton Rouge,1
2015-02-05,Jefferson,1
2015-02-06,Terrebonne,1
2015-02-07,Orleans,1
2015-02-10,Plaquemines,1
2015-02-10,St. Martin,1
2015-02-12,Rapides,1
2015-02-13,Plaquemines,1
2015-02-16,St. Charles,1
2015-02-18,Livingston,1
2015-02-18,St. Mary,1
2015-02-19,Ouachita,1
2015-02-21,St. Tammany,1
2015-02-21,Terrebonne,1
2015-02-23,Union,1
2015-02-24,Calcasieu,1
2015-02-27,Jefferson,1
2015-02-27,St. Tammany,1
2015-03-02,Caddo,1
2015-03-02,Tangipahoa,1
2015-03-04,Vernon,1
2015-03-06,Orleans,1
2015-03-06,Ouachita,1
2015-03-10,Ascension,1
2015-03-11,Orleans,1
2015-03-12,Ouachita,1
2015-03-12,Rapides,1
2015-03-13,Terrebonne,1
2015-03-16,St. Martin,1
2015-03-17,East Baton Rouge,1
2015-03-18,Iberia,1
2015-03-19,West Baton Rouge,1
2015-03-20,Assumption,1
2015-03-20,Ouachita,1
2015-03-20,Tangipahoa,1
2015-03-20,Terrebonne,1
2015-03-22,Rapides,1
2015-03-24,Terrebonne,1
2015-04-01,East Baton Rouge,1
2015-04-01,St. Charles,1
2015-04-02,Ascension,1
2015-04-08,Ouachita,1
2015-04-08,St. Martin,1
2015-04-10,Tangipahoa,1
2015-04-13,Winn,1
2015-04-16,East Feliciana,1
2015-04-16,Orleans,1
2015-04-20,Bienville,1
2015-04-21,St. Charles,1
2015-04-22,Bossier,1
2015-04-22,Grant,1
2015-04-23,Ascension,2
2015-04-23,Caddo,1
2015-04-24,Lafayette,1
2015-04-27,St. Landry,1
2015-04-28,Caddo,1
2015-04-30,Jefferson,2
2015-05-01,Iberville,1
2015-05-01,Jefferson,1
2015-05-05,St. James,1
2015-05-05,West Baton Rouge,1
2015-05-07,Ascension,1
2015-05-07,West Baton Rouge,1
2015-05-07,West Feliciana,1
2015-05-08,Orleans,1
2015-05-09,Orleans,1
2015-05-11,Jefferson,1
2015-05-12,Avoyelles,1
2015-05-14,East Baton Rouge,1
2015-05-15,Caddo,1
2015-05-16,Ascension,1
2015-05-16,Rapides,1
2015-05-16,St. Charles,1
2015-05-16,Tangipahoa,1
2015-05-18,Jefferson,2
2015-05-19,Rapides,1
2015-05-21,Jefferson,1
2015-05-22,Jefferson Davis,1
2015-05-22,St. Bernard,1
2015-05-26,Calcasieu,1
2015-05-28,Vernon,1
2015-05-29,Terrebonne,1
2015-05-31,Orleans,1
2015-06-03,Ouachita,1
2015-06-04,St. Mary,1
2015-06-07,Orleans,1
2015-06-08,Bienville,1
2015-06-08,St. James,1
2015-06-09,Ascension,1
2015-06-10,De Soto,1
2015-06-11,East Baton Rouge,1
2015-06-11,Orleans,1
2015-06-13,Concordia,1
2015-06-13,Plaquemines,1
2015-06-13,St. John the Baptist,1
2015-06-14,St. Bernard,1
2015-06-16,Orleans,1
2015-06-20,St. Charles,1
2015-06-21,Jefferson,1
2015-06-22,St. Martin,1
2015-06-23,Orleans,1
2015-06-23,St. John the Baptist,1
2015-06-24,Iberville,1
2015-06-30,Caddo,1
2015-06-30,Jefferson,1
2015-06-30,Orleans,1
2015-07-02,Plaquemines,1
2015-07-04,Orleans,1
2015-07-08,Lafourche,1
2015-07-08,Natchitoches,1
2015-07-09,Calcasieu,1
2015-07-09,Iberia,1
2015-07-09,Lafayette,1
2015-07-09,Orleans,1
2015-07-10,Beauregard,1
2015-07-14,St. Bernard,1
2015-07-15,Orleans,1
2015-07-15,Ouachita,1
2015-07-16,Caddo,1
2015-07-18,Orleans,1
2015-07-20,Lafourche,1
2015-07-20,Winn,1
2015-07-23,West Baton Rouge,1
2015-07-24,Tangipahoa,1
2015-07-25,Calcasieu,1
2015-07-25,East Carroll,1
2015-07-27,Lafayette,1
2015-07-28,Bossier,1
2015-07-28,Caddo,1
2015-07-28,Calcasieu,1
2015-07-28,Iberia,1
2015-07-28,Lafourche,1
2015-07-28,Rapides,1
2015-07-28,Union,1
2015-07-29,Tangipahoa,1
2015-07-30,Caddo,1
2015-07-30,Calcasieu,1
2015-08-03,Caddo,1
2015-08-08,Orleans,1
2015-08-09,Rapides,1
2015-08-10,Ouachita,1
2015-08-10,Rapides,1
2015-08-17,Terrebonne,1
2015-08-18,Caddo,1
2015-08-23,St. Charles,1
2015-08-24,Jefferson,1
2015-08-25,St. John the Baptist,1
2015-08-31,East Baton Rouge,1
2015-08-31,Jefferson,1
2015-09-02,Caddo,1
2015-09-02,East Baton Rouge,1
2015-09-02,Lincoln,1
2015-09-02,Tangipahoa,1
2015-09-03,Caddo,1
2015-09-06,East Baton Rouge,1
2015-09-08,East Baton Rouge,1
2015-09-08,Rapides,1
2015-09-08,Webster,1
2015-09-09,Rapides,1
2015-09-10,Evangeline,1
2015-09-10,Lafayette,1
2015-09-10,Orleans,1
2015-09-10,Rapides,1
2015-09-14,Iberville,1
2015-09-14,Jefferson,1
2015-09-14,Terrebonne,1
2015-09-15,Jefferson,1
2015-09-15,St. Tammany,1
2015-09-16,East Feliciana,1
2015-09-18,Jefferson,1
2015-09-22,Franklin,1
2015-09-22,Orleans,1
2015-09-23,Franklin,1
2015-09-23,Iberia,1
2015-09-23,Tangipahoa,1
2015-09-23,Terrebonne,1
2015-09-24,Bienville,1
2015-09-25,Bossier,1
2015-09-27,St. Charles,1
2015-09-30,East Baton Rouge,1
2015-09-30,Natchitoches,1
2015-10-01,East Baton Rouge,1
2015-10-03,Jefferson Davis,1
2015-10-03,Rapides,1
2015-10-04,Lafayette,1
2015-10-05,Caddo,1
2015-10-12,East Baton Rouge,1
2015-10-12,Iberville,1
2015-10-13,Plaquemines,1
2015-10-14,St. Tammany,1
2015-10-15,LaSalle,1
2015-10-15,St. Tammany,1
2015-10-16,St. John the Baptist,1
2015-10-16,St. Landry,1
2015-10-16,St. Tammany,1
2015-10-16,West Baton Rouge,1
2015-10-17,Natchitoches,1
2015-10-17,West Baton Rouge,1
2015-10-19,Ascension,1
2015-10-20,Calcasieu,1
2015-10-22,Jefferson,1
2015-10-23,Plaquemines,1
2015-10-25,De Soto,1
2015-10-28,St. Mary,1
2015-10-29,Orleans,1
2015-11-05,Caddo,1
2015-11-06,Morehouse,1
2015-11-06,St. James,1
2015-11-08,St. Charles,1
2015-11-11,Iberville,1
2015-11-11,Rapides,1
2015-11-13,Jefferson,1
2015-11-15,Allen,1
2015-11-17,Jefferson,1
2015-11-18,St. Bernard,1
2015-11-20,Bienville,1
2015-11-20,Natchitoches,1
2015-11-20,St. Tammany,1
2015-11-21,St. Tammany,1
2015-11-23,St. Mary,1
2015-11-24,East Baton Rouge,1
2015-11-30,Jefferson,1
2015-12-03,East Baton Rouge,1
2015-12-04,Calcasieu,1
2015-12-08,East Baton Rouge,1
2015-12-08,Orleans,1
2015-12-10,Jefferson,1
2015-12-11,Caddo,1
2015-12-14,Avoyelles,1
2015-12-16,Winn,1
2015-12-17,Jefferson,1
2015-12-18,Iberville,1
2015-12-18,Jefferson,1
2015-12-19,Iberia,1
2015-12-19,St. Mary,1
2015-12-27,Bienville,1
2015-12-27,St. Landry,1
2015-12-28,Orleans,1
2015-12-31,St. Landry,1
2016-01-07,Beauregard,1
2016-01-07,Union,1
2016-01-09,Ascension,1
2016-01-11,Allen,1
2016-01-12,East Baton Rouge,1
2016-01-14,Jefferson,1
2016-01-14,Natchitoches,1
2016-01-15,Tangipahoa,1
2016-01-16,Natchitoches,1
2016-01-20,East Baton Rouge,1
2016-01-21,Rapides,1
2016-01-22,Caddo,1
2016-01-22,Ouachita,1
2016-01-25,Calcasieu,1
2016-01-26,Jefferson Davis,1
2016-01-28,East Baton Rouge,1
2016-01-30,Jefferson,1
2016-02-01,Jefferson,1
2016-02-02,Ascension,1
2016-02-03,Caddo,1
2016-02-03,St. James,1
2016-02-05,Livingston,1
2016-02-05,Richland,1
2016-02-05,St. Mary,1
2016-02-07,Ascension,1
2016-02-10,Ouachita,1
2016-02-16,East Baton Rouge,1
2016-02-16,St. Landry,1
2016-02-16,St. Tammany,1
2016-02-21,Iberia,1
2016-02-22,Lafourche,2
2016-02-24,Caddo,1
2016-02-24,Orleans,1
2016-02-26,Ascension,1
2016-02-29,East Baton Rouge,1
2016-03-01,Caddo,1
2016-03-03,Jefferson,1
2016-03-03,West Baton Rouge,1
2016-03-04,West Baton Rouge,1
2016-03-06,Jefferson,1
2016-03-08,De Soto,1
2016-03-09,Vermilion,1
2016-03-10,Acadia,1
2016-03-12,Tangipahoa,1
2016-03-14,St. Charles,1
2016-03-15,Calcasieu,1
2016-03-16,Lafayette,1
2016-03-19,St. John the Baptist,1
2016-03-20,Lafayette,1
2016-03-22,Jefferson,1
2016-03-22,Tangipahoa,1
2016-03-24,Vermilion,1
2016-03-25,Ascension,1
2016-03-28,Winn,1
2016-03-29,Calcasieu,1
2016-03-29,Iberville,1
2016-03-31,Ouachita,1
2016-04-02,Tangipahoa,1
2016-04-03,St. James,1
2016-04-04,Ascension,1
2016-04-04,Bossier,1
2016-04-07,St. James,1
2016-04-09,St. Charles,1
2016-04-11,Vernon,1
2016-04-14,Lincoln,1
2016-04-14,Orleans,1
2016-04-15,Iberville,1
2016-04-18,Ascension,1
2016-04-19,St. Charles,1
2016-04-21,St. Charles,1
2016-04-22,Vermilion,1
2016-04-23,Calcasieu,1
2016-04-25,St. Tammany,2
2016-05-03,Ouachita,1
2016-05-06,Bossier,1
2016-05-07,Jefferson,1
2016-05-09,Jefferson Davis,1
2016-05-11,Lincoln,1
2016-05-11,Natchitoches,1
2016-05-11,Ouachita,1
2016-05-12,Ouachita,1
2016-05-12,Vermilion,1
2016-05-13,Rapides,1
2016-05-14,Orleans,1
2016-05-17,Orleans,1
2016-05-18,Bossier,1
2016-05-18,Red River,1
2016-05-18,St. Landry,1
2016-05-19,Lincoln,1
2016-05-24,Winn,1
2016-05-25,St. Charles,1
2016-05-26,Caddo,1
2016-05-28,Jefferson,1
2016-05-31,Caddo,1
2016-05-31,Lafayette,1
2016-06-12,Avoyelles,1
2016-06-15,Vernon,1
2016-06-16,East Baton Rouge,1
2016-06-17,St. Helena,1
2016-06-22,Caddo,1
2016-06-22,St. Martin,1
2016-06-24,Vernon,1
2016-06-25,Ascension,1
2016-06-27,Cameron,1
2016-06-30,Ascension,1
2016-06-30,De Soto,1
2016-06-30,East Baton Rouge,1
2016-06-30,St. John the Baptist,1
2016-07-07,Orleans,1
2016-07-07,St. Tammany,1
2016-07-08,Caddo,1
2016-07-08,De Soto,1
2016-07-08,East Baton Rouge,1
2016-07-08,Livingston,1
2016-07-08,St. Tammany,1
2016-07-09,Tangipahoa,1
2016-07-11,St. Landry,1
2016-07-13,East Baton Rouge,1
2016-07-15,Washington,1
2016-07-18,Calcasieu,1
2016-07-19,St. James,1
2016-07-19,West Baton Rouge,1
2016-07-20,Claiborne,1
2016-07-20,Webster,1
2016-07-30,East Baton Rouge,1
2016-07-30,Evangeline,1
2016-08-01,East Baton Rouge,1
2016-08-01,Tangipahoa,1
2016-08-02,Calcasieu,1
2016-08-02,Livingston,1
2016-08-03,Ascension,1
2016-08-03,East Baton Rouge,1
2016-08-04,Caddo,1
2016-08-04,Jefferson,1
2016-08-07,Livingston,1
2016-08-08,Orleans,1
2016-08-08,Vernon,1
2016-08-09,East Baton Rouge,1
2016-08-09,Jefferson,1
2016-08-11,Cameron,1
2016-08-11,Jefferson,1
2016-08-12,Plaquemines,1
2016-08-16,St. Charles,1
2016-08-17,East Baton Rouge,1
2016-08-21,Orleans,1
2016-08-22,Calcasieu,1
2016-08-22,East Baton Rouge,1
2016-08-23,East Baton Rouge,1
2016-08-23,West Feliciana,1
2016-08-24,St. Bernard,1
2016-08-25,Tangipahoa,1
2016-08-29,Lafayette,1
2016-08-29,St. Landry,1
2016-08-30,Ascension,1
2016-08-30,Lafayette,1
2016-08-30,St. Tammany,1
2016-08-31,East Baton Rouge,1
2016-08-31,Rapides,1
2016-09-01,East Baton Rouge,1
2016-09-02,St. Bernard,1
2016-09-03,St. Tammany,1
2016-09-06,Jefferson Davis,1
2016-09-07,De Soto,1
2016-09-08,St. Martin,1
2016-09-12,Ascension,1
2016-09-13,Acadia,1
2016-09-14,Calcasieu,1
2016-09-15,Jefferson,1
2016-09-19,Red River,1
2016-09-20,Lafayette,1
2016-09-23,Jefferson,1
2016-09-27,Acadia,1
2016-09-27,East Baton Rouge,2
2016-09-28,Ascension,1
2016-09-28,Orleans,1
2016-09-30,Caddo,1
2016-09-30,St. Tammany,1
2016-09-30,Webster,1
2016-10-01,Orleans,1
2016-10-04,Caddo,2
2016-10-05,Catahoula,1
2016-10-05,Iberville,1
2016-10-07,St. John the Baptist,1
2016-10-10,Lafayette,1
2016-10-11,East Baton Rouge,1
2016-10-11,St. Charles,1
2016-10-12,Assumption,1
2016-10-13,East Baton Rouge,1
2016-10-14,Franklin,1
2016-10-15,St. Landry,1
2016-10-17,Ascension,1
2016-10-17,Bossier,1
2016-10-19,St. John the Baptist,1
2016-10-20,LaSalle,1
2016-10-20,St. Charles,1
2016-10-21,Orleans,1
2016-10-21,St. Charles,1
2016-10-21,St. John the Baptist,1
2016-10-21,West Feliciana,1
2016-10-24,Plaquemines,1
2016-10-26,Allen,1
2016-10-27,St. Tammany,1
2016-10-27,Winn,1
2016-10-30,St. John the Baptist,1
2016-10-31,Catahoula,1
2016-11-01,Union,1
2016-11-02,Jefferson,1
2016-11-02,Rapides,1
2016-11-02,St. Tammany,1
2016-11-03,Jefferson,1
2016-11-03,Lafayette,1
2016-11-04,Terrebonne,1
2016-11-06,St. Tammany,1
2016-11-10,Jefferson,1
2016-11-14,Ascension,1
2016-11-14,Jefferson,1
2016-11-15,Jefferson Davis,1
2016-11-21,East Baton Rouge,1
2016-11-22,Winn,1
2016-12-05,Orleans,1
2016-12-06,Ascension,1
2016-12-09,Calcasieu,1
2016-12-09,East Baton Rouge,1
2016-12-09,Jefferson,1
2016-12-13,Calcasieu,1
2016-12-17,Franklin,1
2016-12-19,St. Charles,1
2016-12-21,Orleans,1
2016-12-23,LaSalle,1
2016-12-26,De Soto,1
2016-12-26,East Baton Rouge,1
2016-12-31,West Baton Rouge,1
2017-01-01,Tangipahoa,1
2017-01-03,Orleans,1
2017-01-06,East Baton Rouge,1
2017-01-06,Richland,1
2017-01-07,Vermilion,1
2017-01-09,Calcasieu,1
2017-01-13,St. Charles,1
2017-01-17,Jefferson,1
2017-01-18,St. Tammany,1
2017-01-19,Rapides,1
2017-01-19,Union,1
2017-01-20,Caddo,1
2017-01-20,Plaquemines,1
2017-01-23,East Baton Rouge,1
2017-01-23,Iberia,1
2017-01-24,Orleans,1
2017-01-25,East Baton Rouge,1
2017-01-27,Tangipahoa,1
2017-01-30,Calcasieu,1
2017-02-02,Orleans,1
2017-02-03,Bossier,1
2017-02-03,Franklin,1
2017-02-03,St. Mary,1
2017-02-08,Iberville,1
2017-02-09,Caddo,1
2017-02-09,St. Charles,1
2017-02-10,East Baton Rouge,1
2017-02-11,Tangipahoa,1
2017-02-13,Ouachita,1
2017-02-14,Bienville,1
2017-02-14,Iberville,1
2017-02-15,Calcasieu,1
2017-02-16,Rapides,1
2017-02-16,St. John the Baptist,1
2017-02-18,Iberville,1
2017-02-20,Calcasieu,1
2017-02-21,Tangipahoa,1
2017-02-21,West Baton Rouge,1
2017-02-22,West Baton Rouge,1
2017-02-23,Jefferson,1
2017-02-24,Ascension,1
2017-02-24,Lafourche,1
2017-02-26,East Baton Rouge,1
2017-02-27,St. Tammany,1
2017-02-28,Lafayette,1
2017-03-02,Bossier,1
2017-03-05,Lafayette,1
2017-03-07,Lafayette,1
2017-03-07,Orleans,1
2017-03-09,Ouachita,1
2017-03-14,Ascension,1
2017-03-14,East Baton Rouge,1
2017-03-15,East Baton Rouge,1
2017-03-15,Lafayette,1
2017-03-15,Rapides,1
2017-03-16,East Baton Rouge,1
2017-03-16,Iberville,1
2017-03-17,St. James,1
2017-03-19,St. James,1
2017-03-22,Ascension,1
2017-03-23,Lafourche,1
2017-03-28,Jefferson,1
2017-03-28,Rapides,1
2017-03-30,East Baton Rouge,1
2017-03-30,St. Tammany,1
2017-03-30,Tangipahoa,1
2017-04-01,Calcasieu,1
2017-04-03,St. Bernard,1
2017-04-05,Morehouse,1
2017-04-11,Caddo,1
2017-04-11,Calcasieu,1
2017-04-13,East Baton Rouge,1
2017-04-13,Terrebonne,1
2017-04-17,Lafayette,1
2017-04-20,East Baton Rouge,1
2017-04-20,Jackson,1
2017-04-25,Jefferson,1
2017-05-02,Calcasieu,1
2017-05-02,Cameron,1
2017-05-02,Plaquemines,1
2017-05-03,Bossier,1
2017-05-03,Iberville,1
2017-05-04,Ascension,1
2017-05-08,East Baton Rouge,1
2017-05-08,Rapides,1
2017-05-10,Acadia,1
2017-05-10,East Baton Rouge,1
2017-05-10,Richland,1
2017-05-11,Tangipahoa,1
2017-05-16,Terrebonne,1
2017-05-17,Jefferson,1
2017-05-19,St. Tammany,1
2017-05-22,East Baton Rouge,1
2017-05-25,Orleans,1
2017-05-28,Plaquemines,1
2017-05-30,Lafayette,1
2017-05-31,East Baton Rouge,1
2017-05-31,St. Mary,1
2017-06-01,Iberia,1
2017-06-01,Lafayette,1
2017-06-01,Rapides,1
2017-06-05,Lafayette,1
2017-06-08,East Baton Rouge,1
2017-06-08,Jefferson,1
2017-06-09,Ascension,1
2017-06-09,Union,1
2017-06-15,Iberia,1
2017-06-15,West Baton Rouge,1
2017-06-18,St. Tammany,1
2017-06-19,Caddo,1
2017-06-19,Orleans,1
2017-06-20,Bossier,1
2017-06-23,East Baton Rouge,1
2017-06-28,Lincoln,1
2017-06-28,St. Martin,1
2017-06-30,Orleans,1
2017-07-01,Jefferson,1
2017-07-03,Lafayette,1
2017-07-05,East Baton Rouge,1
2017-07-10,Iberville,1
2017-07-13,Jefferson,1
2017-07-13,Orleans,1
2017-07-14,Jefferson,2
2017-07-14,Vernon,1
2017-07-17,Jefferson,1
2017-07-18,Bossier,1
2017-07-18,Calcasieu,1
2017-07-19,Red River,1
2017-07-24,Caddo,1
2017-07-24,Calcasieu,1
2017-07-26,Iberville,1
2017-07-26,Vernon,1
2017-07-27,East Baton Rouge,1
2017-07-27,St. John the Baptist,1
2017-07-29,Bienville,1
2017-07-31,Allen,1
2017-07-31,Evangeline,1
2017-07-31,Natchitoches,1
2017-07-31,St. John the Baptist,1
2017-08-01,Ascension,1
2017-08-01,Calcasieu,1
2017-08-01,Orleans,1
2017-08-02,Cameron,1
2017-08-03,Calcasieu,1
2017-08-05,St. Tammany,1
2017-08-05,Vernon,1
2017-08-08,Assumption,1
2017-08-08,Caddo,1
2017-08-08,Sabine,1
2017-08-11,East Baton Rouge,1
2017-08-14,Beauregard,1
2017-08-14,Jefferson,1
2017-08-15,Livingston,1
2017-08-16,Bossier,2
2017-08-16,Orleans,1
2017-08-17,Lincoln,1
2017-08-17,Ouachita,1
2017-08-23,East Baton Rouge,1
2017-08-23,Vernon,1
2017-08-25,Jefferson,1
2017-08-31,Assumption,1
2017-08-31,Orleans,1
2017-08-31,St. Charles,1
2017-09-04,St. Tammany,1
2017-09-07,East Feliciana,1
2017-09-08,Concordia,1
2017-09-11,Jefferson,1
2017-09-12,Rapides,1
2017-09-13,Orleans,1
2017-09-14,East Baton Rouge,1
2017-09-20,Ascension,1
2017-09-20,Orleans,1
2017-09-21,Ascension,1
2017-09-21,Jefferson,1
2017-09-22,Caddo,1
2017-09-22,Jefferson,1
2017-09-22,Terrebonne,1
2017-09-28,Caddo,1
2017-09-28,Richland,1
2017-09-28,St. Charles,1
2017-09-28,St. John the Baptist,1
2017-09-29,Lincoln,1
2017-09-29,St. Bernard,1
2017-09-30,St. Mary,1
2017-10-02,Terrebonne,1
2017-10-04,Lafayette,1
2017-10-05,Orleans,1
2017-10-07,East Baton Rouge,1
2017-10-09,Lincoln,1
2017-10-11,Orleans,1
2017-10-11,Tangipahoa,1
2017-10-12,East Baton Rouge,1
2017-10-13,Vermilion,1
2017-10-16,Orleans,1
2017-10-16,St. James,1
2017-10-17,Lafayette,1
2017-10-19,Jefferson,1
2017-10-21,St. Landry,1
2017-10-23,Bienville,1
2017-10-23,Jefferson,1
2017-10-24,Lincoln,1
2017-10-25,Jefferson,1
2017-10-27,Rapides,1
2017-10-30,Avoyelles,1
2017-10-31,Caddo,1
2017-10-31,St. John the Baptist,1
2017-11-01,Vernon,1
2017-11-03,Cameron,1
2017-11-03,East Baton Rouge,1
2017-11-04,West Baton Rouge,1
2017-11-05,Jefferson,1
2017-11-05,St. Martin,1
2017-11-06,De Soto,1
2017-11-07,Acadia,1
2017-11-11,Calcasieu,1
2017-11-11,Orleans,1
2017-11-14,Calcasieu,1
2017-11-19,East Baton Rouge,1
2017-11-25,Plaquemines,1
2017-11-28,Rapides,1
2017-12-01,St. Tammany,1
2017-12-03,Rapides,1
2017-12-04,Iberville,1
2017-12-06,Madison,1
2017-12-06,Vernon,1
2017-12-07,Bienville,1
2017-12-07,Iberville,1
2017-12-09,Tangipahoa,1
2017-12-11,Caddo,1
2017-12-11,East Baton Rouge,2
2017-12-11,Lafayette,1
2017-12-12,Ascension,1
2017-12-12,Calcasieu,1
2017-12-13,St. Landry,1
2017-12-15,Lincoln,1
2017-12-18,East Baton Rouge,1
2017-12-24,Caddo,1
2017-12-26,Lincoln,1
2017-12-27,Calcasieu,1
2017-12-27,Tangipahoa,2
2017-12-28,St. Charles,1
2017-12-29,Livingston,1
2018-01-04,Iberville,1
2018-01-04,Lafayette,1
2018-01-09,St. Martin,1
2018-01-10,St. John the Baptist,1
2018-01-11,Lafayette,1
2018-01-15,Ascension,1
2018-01-15,Tangipahoa,1
2018-01-16,Ascension,1
2018-01-17,Tangipahoa,1
2018-01-18,East Baton Rouge,2
2018-01-20,East Baton Rouge,1
2018-01-20,Lafayette,1
2018-01-24,Rapides,1
2018-01-26,Caddo,1
2018-01-27,Calcasieu,1
2018-01-30,Ascension,1
2018-01-30,St. Tammany,1
2018-01-31,Pointe Coupee,1
2018-01-31,Terrebonne,1
2018-02-01,Acadia,1
2018-02-01,East Baton Rouge,1
2018-02-01,Rapides,1
2018-02-01,Terrebonne,1
2018-02-05,St. John the Baptist,1
2018-02-06,Jefferson,1
2018-02-06,St. Martin,1
2018-02-09,De Soto,1
2018-02-11,Orleans,1
2018-02-15,St. Tammany,1
2018-02-16,Plaquemines,1
2018-02-17,Caddo,1
2018-02-17,Calcasieu,1
2018-02-22,East Baton Rouge,1
2018-02-24,Terrebonne,1
2018-02-25,Acadia,1
2018-02-26,Ascension,1
2018-02-27,Calcasieu,1
2018-02-27,East Baton Rouge,1
2018-02-28,Grant,1
2018-02-28,St. Martin,1
2018-03-01,Jefferson,1
2018-03-02,Sabine,1
2018-03-02,St. John the Baptist,1
2018-03-03,Natchitoches,1
2018-03-05,Terrebonne,1
2018-03-06,East Baton Rouge,1
2018-03-07,Orleans,1
2018-03-10,Orleans,1
2018-03-10,St. Bernard,1
2018-03-12,St. Bernard,1
2018-03-12,Terrebonne,1
2018-03-13,Allen,1
2018-03-14,Jackson,1
2018-03-14,Lincoln,1
2018-03-15,Bossier,1
2018-03-16,Iberville,1
2018-03-16,Tangipahoa,1
2018-03-19,Jefferson,1
2018-03-20,Plaquemines,1
2018-03-22,Caddo,1
2018-03-22,Cameron,1
2018-03-25,St. Tammany,1
2018-03-28,Calcasieu,1
2018-03-30,Orleans,1
2018-03-31,St. Bernard,1
2018-04-04,Caddo,1
2018-04-04,St. Mary,1
2018-04-11,Lafayette,1
2018-04-12,East Baton Rouge,1
2018-04-12,Union,1
2018-04-13,Caddo,1
2018-04-13,Morehouse,1
2018-04-14,De Soto,1
2018-04-15,Lincoln,1
2018-04-16,St. Martin,1
2018-04-17,Ascension,1
2018-04-19,East Baton Rouge,1
2018-04-19,Webster,1
2018-04-23,Calcasieu,1
2018-04-24,East Baton Rouge,1
2018-04-24,Orleans,1
2018-04-27,Iberville,1
2018-04-27,Vermilion,1
2018-04-30,Caddo,1
2018-05-02,Calcasieu,1
2018-05-03,St. James,1
2018-05-03,Washington,1
2018-05-07,Bossier,1
2018-05-08,Iberia,1
2018-05-15,Orleans,1
2018-05-16,Jefferson,1
2018-05-16,Lafourche,1
2018-05-17,Caddo,1
2018-05-17,Jefferson,1
2018-05-23,Iberville,2
2018-05-25,Iberville,1
2018-05-26,Iberville,1
2018-05-28,Calcasieu,1
2018-05-29,St. Charles,1
2018-06-01,Orleans,1
2018-06-01,St. Bernard,1
2018-06-02,East Baton Rouge,1
2018-06-02,Lafourche,1
2018-06-04,East Baton Rouge,1
2018-06-04,Orleans,1
2018-06-05,Vernon,1
2018-06-06,East Baton Rouge,2
2018-06-06,Terrebonne,1
2018-06-08,Lincoln,1
2018-06-09,St. Mary,1
2018-06-09,West Baton Rouge,1
2018-06-12,Ascension,1
2018-06-12,Caddo,1
2018-06-12,East Baton Rouge,1
2018-06-12,Richland,1
2018-06-14,Assumption,1
2018-06-14,Avoyelles,1
2018-06-14,St. Bernard,1
2018-06-15,Jefferson,1
2018-06-18,Ouachita,1
2018-06-18,Rapides,1
2018-06-19,Ouachita,1
2018-06-22,Ascension,1
2018-06-23,Ascension,1
2018-06-24,Calcasieu,1
2018-06-25,St. James,1
2018-06-26,Plaquemines,1
2018-06-27,Evangeline,1
2018-06-27,Iberia,1
2018-06-29,Calcasieu,1
2018-06-29,LaSalle,1
2018-07-02,East Baton Rouge,1
2018-07-04,St. James,1
2018-07-05,Jackson,1
2018-07-09,St. Tammany,1
2018-07-10,Calcasieu,1
2018-07-10,East Baton Rouge,1
2018-07-10,St. Landry,1
2018-07-10,Terrebonne,1
2018-07-11,St. Bernard,1
2018-07-12,Sabine,1
2018-07-16,Jefferson,1
2018-07-16,Lafourche,1
2018-07-16,St. Bernard,1
2018-07-17,Ascension,1
2018-07-19,Jefferson,1
2018-07-24,Ouachita,1
2018-07-26,St. Bernard,1
2018-07-27,Ouachita,1
2018-07-29,Acadia,1
2018-07-29,St. James,1
2018-07-30,Iberville,1
2018-07-31,Lafayette,2
2018-08-01,Bossier,1
2018-08-02,East Baton Rouge,1
2018-08-03,Calcasieu,1
2018-08-04,Calcasieu,1
2018-08-08,Bossier,1
2018-08-09,Ascension,1
2018-08-12,Sabine,1
2018-08-12,St. Bernard,1
2018-08-13,St. John the Baptist,1
2018-08-15,Ascension,1
2018-08-15,Jefferson,1
2018-08-18,Tangipahoa,1
2018-08-19,East Baton Rouge,1
2018-08-20,Lafayette,1
2018-08-21,Jefferson,1
2018-08-21,Vermilion,1
2018-08-21,West Baton Rouge,1
2018-08-24,Bossier,1
2018-08-26,Assumption,1
2018-08-28,De Soto,1
2018-08-28,Plaquemines,1
2018-08-29,East Baton Rouge,1
2018-08-29,Iberville,1
2018-08-31,Jefferson,1
2018-09-02,Caddo,1
2018-09-04,East Baton Rouge,1
2018-09-05,Caddo,1
2018-09-06,St. John the Baptist,1
2018-09-09,St. Tammany,1
2018-09-11,East Baton Rouge,1
2018-09-13,Caddo,1
2018-09-13,Lincoln,1
2018-09-13,Orleans,1
2018-09-14,Calcasieu,1
2018-09-17,Orleans,1
2018-09-18,St. James,1
2018-09-20,Iberia,1
2018-09-20,St. Martin,1
2018-09-24,Calcasieu,1
2018-09-24,St. John the Baptist,1
2018-09-24,Tensas,1
2018-09-27,Iberville,1
2018-10-01,Caddo,1
2018-10-01,Calcasieu,1
2018-10-02,West Baton Rouge,1
2018-10-03,Lafourche,1
2018-10-04,Iberville,1
2018-10-09,East Baton Rouge,1
2018-10-10,Lafayette,1
2018-10-13,East Baton Rouge,1
2018-10-14,St. Tammany,1
2018-10-15,Iberville,1
2018-10-16,Livingston,1
2018-10-17,St. Mary,1
2018-10-18,Iberia,1
2018-10-18,Orleans,1
2018-10-18,Plaquemines,1
2018-10-19,Ouachita,1
2018-10-19,St. Tammany,1
2018-10-22,East Baton Rouge,1
2018-10-22,Vernon,1
2018-10-24,Caddo,1
2018-10-24,East Baton Rouge,2
2018-10-24,Jefferson,1
2018-10-24,Lafayette,1
2018-10-25,LaSalle,1
2018-10-27,Jefferson,1
2018-10-30,Tangipahoa,1
2018-11-01,Lincoln,1
2018-11-02,Ouachita,1
2018-11-03,East Baton Rouge,1
2018-11-03,Iberia,1
2018-11-03,Jefferson,1
2018-11-06,Beauregard,1
2018-11-06,St. Tammany,1
2018-11-08,Lafayette,1
2018-11-11,De Soto,1
2018-11-12,Iberville,1
2018-11-13,Tangipahoa,1
2018-11-14,Orleans,1
2018-11-14,Ouachita,1
2018-11-15,Rapides,1
2018-11-16,Lafourche,1
2018-11-17,Bienville,1
2018-11-21,Catahoula,1
2018-11-21,Lafayette,1
2018-11-21,Orleans,1
2018-11-26,Franklin,1
2018-11-28,Catahoula,1
2018-11-29,Webster,1
2018-12-01,West Baton Rouge,1
2018-12-05,Calcasieu,1
2018-12-11,De Soto,1
2018-12-11,LaSalle,1
2018-12-11,Red River,1
2018-12-11,St. Landry,1
2018-12-12,Orleans,1
2018-12-18,East Baton Rouge,1
2018-12-19,De Soto,1
2018-12-21,Orleans,1
2018-12-28,St. James,1
2018-12-28,St. Tammany,1
2018-12-31,Acadia,1
2019-01-03,Ouachita,1
2019-01-05,Lafayette,1
2019-01-07,Bienville,1
2019-01-09,Caddo,1
2019-01-10,East Baton Rouge,1
2019-01-10,Franklin,1
2019-01-12,St. Charles,1
2019-01-13,Livingston,1
2019-01-15,Lafourche,1
2019-01-15,Rapides,1
2019-01-16,Acadia,1
2019-01-21,Caddo,1
2019-01-21,East Baton Rouge,1
2019-01-23,Bossier,1
2019-01-23,Caddo,1
2019-01-24,Ascension,1
2019-01-24,St. John the Baptist,1
2019-01-24,Vernon,1
2019-01-25,Natchitoches,1
2019-01-26,St. Mary,1
2019-01-29,Jefferson,1
2019-01-30,Caddo,1
2019-01-30,Rapides,1
2019-02-01,St. Tammany,1
2019-02-04,Lafourche,1
2019-02-09,Caddo,1
2019-02-11,De Soto,1
2019-02-12,Lafayette,1
2019-02-12,St. Martin,1
2019-02-14,Calcasieu,1
2019-02-14,Jefferson,1
2019-02-14,St. Martin,1
2019-02-16,Tangipahoa,1
2019-02-18,Calcasieu,1
2019-02-18,St. James,1
2019-02-24,Calcasieu,1
2019-02-25,Orleans,1
2019-02-25,St. Tammany,1
2019-02-27,Caddo,1
2019-03-01,Allen,1
2019-03-01,Orleans,1
2019-03-03,Jefferson,1
2019-03-04,Richland,1
2019-03-05,Iberville,1
2019-03-06,Allen,1
2019-03-06,Lafayette,1
2019-03-06,Orleans,1
2019-03-06,West Baton Rouge,1
2019-03-07,Acadia,1
2019-03-09,Webster,1
2019-03-11,Orleans,1
2019-03-13,Tangipahoa,1
2019-03-14,Lincoln,1
2019-03-18,St. Landry,1
2019-03-20,Franklin,1
2019-03-21,East Baton Rouge,1
2019-03-21,Sabine,1
2019-03-22,St. Tammany,1
2019-03-23,Terrebonne,1
2019-03-26,Caddo,1
2019-03-27,St. James,1
2019-03-27,St. Tammany,1
2019-03-28,De Soto,1
2019-03-29,East Feliciana,1
2019-03-29,Terrebonne,1
2019-04-01,Natchitoches,1
2019-04-02,Rapides,1
2019-04-03,St. Charles,1
2019-04-04,Calcasieu,1
2019-04-05,Ascension,1
2019-04-05,Washington,1
2019-04-06,Bossier,1
2019-04-06,Lafourche,1
2019-04-09,St. Landry,1
2019-04-11,Livingston,1
2019-04-12,Webster,1
2019-04-16,East Baton Rouge,1
2019-04-18,Vermilion,1
2019-04-19,Jefferson,1
2019-04-22,Avoyelles,1
2019-04-23,Calcasieu,1
2019-04-23,East Baton Rouge,1
2019-04-25,Jefferson,1
2019-04-25,Sabine,1
2019-04-27,Rapides,1
2019-04-30,East Baton Rouge,1
2019-04-30,Lafayette,1
2019-05-06,Calcasieu,1
2019-05-06,Jefferson,1
2019-05-07,East Baton Rouge,1
2019-05-09,Ascension,1
2019-05-10,Orleans,1
2019-05-13,West Carroll,1
2019-05-16,Lincoln,1
2019-05-16,Plaquemines,1
2019-05-16,St. John the Baptist,1
2019-05-17,East Baton Rouge,1
2019-05-21,Caddo,1
2019-05-21,Lafayette,1
2019-05-23,Calcasieu,1
2019-05-24,Union,1
2019-05-29,Iberia,1
2019-05-29,Ouachita,1
2019-05-30,Iberia,1
2019-05-31,West Baton Rouge,1
2019-06-01,Union,1
2019-06-02,St. John the Baptist,1
2019-06-03,Caddo,1
2019-06-04,Caddo,1
2019-06-04,Tangipahoa,1
2019-06-06,Ascension,2
2019-06-06,Calcasieu,1
2019-06-06,Jefferson,1
2019-06-07,Plaquemines,1
2019-06-10,Terrebonne,1
2019-06-11,Ascension,2
2019-06-11,East Baton Rouge,1
2019-06-12,Calcasieu,1
2019-06-13,St. Martin,1
2019-06-14,East Baton Rouge,1
2019-06-17,Livingston,1
2019-06-17,St. Charles,1
2019-06-19,Iberville,1
2019-06-19,St. Bernard,1
2019-06-24,Vernon,1
2019-06-25,Caddo,2
2019-06-25,Catahoula,1
2019-06-25,Jefferson,1
2019-06-26,Natchitoches,1
2019-06-26,Orleans,1
2019-07-01,Bienville,1
2019-07-01,De Soto,1
2019-07-02,St. Martin,1
2019-07-03,Winn,1
2019-07-05,Orleans,1
2019-07-07,Sabine,1
2019-07-08,St. Charles,1
2019-07-10,Bossier,1
2019-07-16,Orleans,1
2019-07-17,Caddo,1
2019-07-18,St. Charles,1
2019-07-19,Calcasieu,1
2019-07-23,Calcasieu,1
2019-07-24,Bienville,1
2019-07-24,Lincoln,1
2019-07-29,Morehouse,1
2019-07-29,St. Bernard,1
2019-07-31,Ascension,1
2019-07-31,East Baton Rouge,1
2019-08-01,Caddo,1
2019-08-02,East Baton Rouge,1
2019-08-02,Red River,1
2019-08-05,Cameron,1
2019-08-05,Iberville,1
2019-08-07,Iberville,1
2019-08-07,Jefferson,1
2019-08-10,West Baton Rouge,1
2019-08-12,Ascension,1
2019-08-12,St. John the Baptist,1
2019-08-12,West Baton Rouge,1
2019-08-13,Ouachita,1
2019-08-13,Vermilion,1
2019-08-15,Iberville,1
2019-08-15,Webster,1
2019-08-16,Iberia,1
2019-08-20,East Baton Rouge,1
2019-08-21,Ouachita,1
2019-08-22,St. James,1
2019-08-24,Orleans,1
2019-08-28,Iberville,1
2019-08-29,Plaquemines,1
2019-08-29,Terrebonne,1
2019-08-31,Ouachita,1
2019-08-31,Tangipahoa,1
2019-09-03,Red River,1
2019-09-07,Natchitoches,1
2019-09-09,Tangipahoa,1
2019-09-10,Ascension,1
2019-09-11,Calcasieu,1
2019-09-12,East Baton Rouge,1
2019-09-12,Orleans,1
2019-09-14,St. Tammany,1
2019-09-15,Rapides,1
2019-09-17,Livingston,1
2019-09-17,Orleans,1
2019-09-19,Jefferson,1
2019-09-20,East Baton Rouge,1
2019-09-23,De Soto,1
2019-09-23,Jefferson,1
2019-09-25,Grant,1
2019-09-26,Avoyelles,1
2019-09-28,Livingston,1
2019-09-28,Vermilion,1
2019-10-01,Ouachita,1
2019-10-01,Tangipahoa,1
2019-10-02,Webster,1
2019-10-02,West Baton Rouge,1
2019-10-03,Caddo,1
2019-10-04,Lafayette,1
2019-10-05,Rapides,1
2019-10-05,St. Mary,1
2019-10-07,Vernon,1
2019-10-08,Caddo,1
2019-10-08,Terrebonne,1
2019-10-09,Jefferson Davis,1
2019-10-09,Washington,1
2019-10-15,Jefferson,1
2019-10-15,Orleans,1
2019-10-21,West Carroll,1
2019-10-22,Orleans,1
2019-10-22,St. John the Baptist,1
2019-10-24,Franklin,1
2019-10-24,Iberville,1
2019-10-24,Orleans,1
2019-10-24,St. James,1
2019-10-24,St. Tammany,1
2019-10-25,Natchitoches,1
2019-10-27,Ascension,1
2019-10-31,Calcasieu,1
2019-11-04,Calcasieu,1
2019-11-04,St. James,1
2019-11-11,Lafayette,1
2019-11-13,Lafayette,1
2019-11-16,Natchitoches,1
2019-11-17,Calcasieu,1
2019-11-17,Orleans,1
2019-11-19,Tangipahoa,1
2019-11-21,Calcasieu,1
2019-11-21,East Baton Rouge,1
2019-11-22,East Baton Rouge,1
2019-11-22,Orleans,1
2019-11-22,St. Charles,1
2019-11-26,Calcasieu,1
2019-11-26,Webster,1
2019-11-27,Ouachita,1
2019-11-27,Terrebonne,1
2019-11-29,De Soto,1
2019-12-03,East Baton Rouge,1
2019-12-04,Calcasieu,1
2019-12-04,Tangipahoa,1
2019-12-05,Livingston,1
2019-12-06,Iberville,1
2019-12-07,Jefferson,1
2019-12-10,Caddo,1
2019-12-10,Iberia,1
2019-12-10,Ouachita,1
2019-12-10,Plaquemines,1
2019-12-10,St. Charles,1
2019-12-16,Orleans,1
2019-12-17,Claiborne,1
2019-12-18,Washington,1
2019-12-27,Bossier,1
2019-12-31,East Baton Rouge,1
2020-01-03,East Baton Rouge,1
2020-01-03,Jefferson,1
2020-01-07,Lafourche,1
2020-01-10,Morehouse,1
2020-01-14,Orleans,1
2020-01-17,St. Landry,1
2020-01-21,Iberville,1
2020-01-22,Caddo,2
2020-01-22,Terrebonne,1
2020-01-27,Natchitoches,1
2020-01-28,East Feliciana,1
2020-01-29,Jefferson,1
2020-01-31,Lafayette,1
2020-01-31,Plaquemines,1
2020-01-31,St. Tammany,1
2020-02-01,Calcasieu,1
2020-02-01,Livingston,1
2020-02-04,Lafourche,1
2020-02-07,East Baton Rouge,1
2020-02-10,Plaquemines,1
2020-02-11,Jefferson,1
2020-02-11,Rapides,1
2020-02-12,Lafayette,1
2020-02-13,Orleans,1
2020-02-14,Caldwell,1
2020-02-20,Iberia,1
2020-02-20,Jefferson,1
2020-02-20,Vernon,1
2020-02-21,Calcasieu,1
2020-02-21,Lafayette,1
2020-02-21,Vernon,1
2020-02-24,Union,1
2020-02-26,Iberia,1
2020-02-28,Caddo,1
2020-03-04,Caddo,1
2020-03-05,Jefferson,1
2020-03-05,Winn,1
2020-03-06,Livingston,1
2020-03-06,St. James,1
2020-03-08,St. Tammany,1
2020-03-10,Orleans,1
2020-03-16,Rapides,1
2020-03-18,St. John the Baptist,1
2020-03-18,St. Mary,1
2020-03-23,East Baton Rouge,1
2020-03-23,St. James,1
2020-03-25,Plaquemines,1
2020-03-25,Vernon,1
2020-03-28,Calcasieu,1
2020-04-02,St. John the Baptist,1
2020-04-06,Evangeline,1
2020-04-07,Jefferson,1
2020-04-09,Jefferson,1
2020-04-09,Orleans,1
2020-04-10,St. Bernard,1
2020-04-11,Calcasieu,1
2020-04-15,East Baton Rouge,1
2020-04-16,Bossier,1
2020-04-20,West Baton Rouge,1
2020-04-23,De Soto,1
2020-04-23,Lincoln,1
2020-04-27,Jefferson,1
2020-04-30,Ascension,1
2020-04-30,Calcasieu,1
2020-05-05,Calcasieu,1
2020-05-07,Tangipahoa,1
2020-05-11,East Baton Rouge,1
2020-05-12,Calcasieu,1
2020-05-14,Ouachita,1
2020-05-16,Franklin,1
2020-05-16,Madison,1
2020-05-17,St. Tammany,1
2020-05-20,St. Mary,1
2020-05-21,St. Charles,1
2020-05-22,Sabine,1
2020-05-23,Jefferson,1
2020-05-24,De Soto,1
2020-05-27,Calcasieu,1
2020-05-28,Natchitoches,1
2020-05-31,Grant,1
2020-06-01,Iberia,1
2020-06-02,Jefferson,1
2020-06-03,St. Tammany,1
2020-06-04,East Baton Rouge,1
2020-06-04,Vernon,1
2020-06-10,East Baton Rouge,1
2020-06-10,Jefferson,1
2020-06-10,Lafayette,1
2020-06-12,Rapides,1
2020-06-14,Bossier,1
2020-06-18,Jefferson,1
2020-06-19,East Baton Rouge,1
2020-06-22,Terrebonne,1
2020-06-23,Avoyelles,1
2020-06-23,Union,1
2020-06-24,East Carroll,1
2020-06-26,East Baton Rouge,1
2020-06-30,Assumption,1
2020-06-30,St. James,1
2020-07-02,Caddo,1
2020-07-02,East Baton Rouge,1
2020-07-03,Morehouse,1
2020-07-09,Orleans,1
2020-07-09,St. Tammany,1
2020-07-13,De Soto,1
2020-07-13,Lafayette,1
2020-07-13,Orleans,1
2020-07-16,Catahoula,1
2020-07-16,Ouachita,1
2020-07-18,St. Tammany,1
2020-07-23,Richland,1
2020-07-30,West Baton Rouge,1
2020-08-04,Orleans,1
2020-08-05,Lafayette,1
2020-08-05,St. John the Baptist,1
2020-08-06,St. Charles,1
2020-08-11,Jefferson,1
2020-08-11,St. John the Baptist,1
2020-08-13,Lafayette,1
2020-08-18,East Baton Rouge,1
2020-08-19,Ascension,2
2020-08-19,Caddo,1
2020-08-19,Iberia,1
2020-08-19,Terrebonne,1
2020-08-25,Plaquemines,1
2020-08-29,Caddo,1
2020-09-01,Jefferson,1
2020-09-01,Terrebonne,1
2020-09-02,Jefferson,1
2020-09-02,Lafayette,1
2020-09-08,Vernon,1
2020-09-09,Concordia,1
2020-09-10,Jefferson,1
2020-09-11,Orleans,1
2020-09-14,St. Tammany,1
2020-09-16,Iberville,1
2020-09-17,East Baton Rouge,1
2020-09-17,Orleans,1
2020-09-18,Beauregard,1
2020-09-18,Livingston,1
2020-09-20,Ascension,1
2020-09-22,Jefferson,1
2020-09-22,St. Tammany,1
2020-09-24,Bossier,1
2020-09-25,Avoyelles,1
2020-09-25,Ouachita,1
2020-09-29,Calcasieu,1
2020-09-30,St. John the Baptist,1
2020-10-01,Ascension,1
2020-10-01,Caddo,1
2020-10-01,Winn,1
2020-10-05,Orleans,1
2020-10-05,Ouachita,1
2020-10-06,Calcasieu,1
2020-10-07,Rapides,1
2020-10-08,Ascension,1
2020-10-12,East Baton Rouge,1
2020-10-12,Orleans,1
2020-10-12,St. Tammany,1
2020-10-13,Vermilion,1
2020-10-15,St. Tammany,1
2020-10-16,St. Bernard,1
2020-10-18,Vermilion,1
2020-10-19,St. James,1
2020-10-22,St. Tammany,1
2020-10-23,St. Mary,1
2020-10-27,St. Charles,1
2020-10-28,Pointe Coupee,1
2020-11-03,St. Mary,1
2020-11-03,Vermilion,1
2020-11-10,Tangipahoa,1
2020-11-11,East Baton Rouge,1
2020-11-12,St. James,1
2020-11-13,Terrebonne,1
2020-11-14,St. Tammany,1
2020-11-16,St. Mary,1
2020-11-17,Lafourche,1
2020-11-23,Richland,1
2020-12-05,Caddo,1
2020-12-07,Evangeline,1
2020-12-08,Bossier,1
2020-12-08,Livingston,1
2020-12-11,Winn,1
2020-12-17,Ascension,1
2020-12-17,Caddo,1
2020-12-17,Orleans,1
2020-12-23,Beauregard,1
2020-12-23,Tangipahoa,1
2020-12-29,Natchitoches,1
2020-12-30,East Baton Rouge,1
2021-01-01,Lafourche,1
2021-01-02,Jackson,1
2021-01-05,Bossier,1
2021-01-05,Calcasieu,1
2021-01-06,Ascension,1
2021-01-06,Lafayette,1
2021-01-06,St. Charles,1
2021-01-06,St. Tammany,1
2021-01-08,Ascension,1
2021-01-13,Allen,1
2021-01-13,Lafayette,1
2021-01-18,Jefferson,1
2021-01-18,Webster,1
2021-01-19,St. Mary,1
2021-01-21,Jefferson,2
2021-01-21,Webster,1
2021-01-22,Lafayette,1
2021-01-25,Calcasieu,1
2021-01-26,Iberville,1
2021-01-29,Allen,1
2021-02-01,Caddo,1
2021-02-01,Livingston,1
2021-02-03,Vernon,1
2021-02-04,Rapides,1
2021-02-07,De Soto,1
2021-02-08,Caddo,1
2021-02-09,Iberville,1
2021-02-10,Webster,1
2021-02-11,West Baton Rouge,1
2021-02-12,Orleans,1
2021-02-16,Beauregard,1
2021-02-17,East Baton Rouge,1
2021-02-17,Jefferson,1
2021-02-18,Caddo,1
2021-02-19,St. James,1
2021-02-20,Red River,1
2021-02-20,Sabine,1
2021-02-21,Sabine,1
2021-02-25,Vernon,1
2021-02-27,St. Bernard,1
2021-03-02,Livingston,1
2021-03-03,Caddo,1
2021-03-03,Iberia,1
2021-03-03,Jefferson,1
2021-03-07,Calcasieu,1
2021-03-08,Calcasieu,1
2021-03-08,Livingston,1
2021-03-10,East Baton Rouge,2
2021-03-10,Terrebonne,1
2021-03-12,Avoyelles,1
2021-03-12,Ouachita,1
2021-03-16,St. Mary,1
2021-03-16,Terrebonne,1
2021-03-19,Ouachita,1
2021-03-21,Tangipahoa,1
2021-03-24,Bossier,1
2021-03-24,Lafayette,1
2021-03-25,Rapides,1
2021-03-26,Lafayette,1
2021-03-26,St. Tammany,1
2021-03-31,Calcasieu,1
2021-04-01,St. Bernard,1
2021-04-06,East Baton Rouge,1
2021-04-06,Lafayette,1
2021-04-08,Terrebonne,1
2021-04-12,Caddo,1
2021-04-12,St. Mary,1
2021-04-12,Winn,1
2021-04-13,East Baton Rouge,1
2021-04-20,Calcasieu,1
2021-04-20,Jefferson,1
2021-04-20,Plaquemines,1
2021-04-20,Washington,1
2021-04-21,Allen,1
2021-04-22,Red River,1
2021-04-28,Rapides,1
2021-04-29,Caddo,1
2021-04-30,Grant,1
2021-04-30,Ouachita,1
2021-04-30,St. Tammany,1
2021-04-30,Tangipahoa,1
2021-05-03,Rapides,1
2021-05-05,Calcasieu,1
2021-05-06,Lafayette,1
2021-05-07,Bossier,1
2021-05-07,Jefferson,2
2021-05-10,Jefferson,1
2021-05-17,St. John the Baptist,1
2021-05-20,Calcasieu,1
2021-05-21,Orleans,1
2021-05-24,Vermilion,1
2021-05-26,Ascension,1
2021-06-01,Iberville,1
2021-06-05,Union,1
2021-06-07,Lafayette,1
2021-06-07,Orleans,1
2021-06-07,Plaquemines,1
2021-06-09,Iberville,1
2021-06-14,Avoyelles,1
2021-06-15,Cameron,1
2021-06-15,Iberville,1
2021-06-15,Orleans,1
2021-06-15,Tangipahoa,1
2021-06-21,Rapides,1
2021-06-21,Terrebonne,1
2021-06-22,Terrebonne,1
2021-06-23,Orleans,1
2021-06-28,Rapides,1
2021-06-29,Rapides,1
2021-07-01,Acadia,1
2021-07-02,St. John the Baptist,1
2021-07-04,Jefferson,1
2021-07-06,Rapides,1
2021-07-09,Ascension,1
2021-07-12,Jefferson,1
2021-07-15,Bossier,1
2021-07-16,Jefferson,1
2021-07-22,Orleans,1
2021-07-23,Caddo,1
2021-07-25,Lafayette,1
2021-07-26,East Baton Rouge,1
2021-08-03,Bossier,1
2021-08-04,Ascension,1
2021-08-04,East Baton Rouge,1
2021-08-06,Plaquemines,1
2021-08-09,Calcasieu,1
2021-08-12,East Baton Rouge,1
2021-08-16,East Baton Rouge,1
2021-08-20,Iberia,1
2021-08-28,East Feliciana,1
2021-08-31,Natchitoches,1
2021-09-07,Calcasieu,1
2021-09-07,Lafayette,1
2021-09-08,Orleans,1
2021-09-10,De Soto,1
2021-09-12,East Baton Rouge,1
2021-09-13,Caddo,1
2021-09-13,Calcasieu,1
2021-09-14,Terrebonne,1
2021-09-18,Caddo,1
2021-09-20,Vernon,1
2021-09-21,Ouachita,1
2021-09-21,Plaquemines,1
2021-09-23,Jefferson,1
2021-09-25,Orleans,1
2021-09-27,Calcasieu,1
2021-09-27,Lafourche,1
2021-09-29,Ascension,1
2021-09-30,Orleans,1
2021-10-01,Orleans,1
2021-10-01,West Baton Rouge,1
2021-10-02,East Baton Rouge,1
2021-10-02,Natchitoches,1
2021-10-04,Caddo,1
2021-10-17,Lafourche,1
2021-10-25,St. John the Baptist,1
2021-10-26,Tangipahoa,1
2021-10-29,De Soto,1
2021-10-29,Jefferson,1
2021-11-01,Calcasieu,1
2021-11-01,Orleans,1
2021-11-01,St. Tammany,1
2021-11-03,Calcasieu,1
2021-11-04,Richland,1
2021-11-04,St. Charles,1
2021-11-08,Richland,1
2021-11-08,Tangipahoa,1
2021-11-09,Orleans,1
2021-11-13,Red River,1
2021-11-28,Caddo,1
2021-11-28,Calcasieu,1
2021-11-29,Lafayette,1
2021-11-30,Orleans,1
2021-12-04,Ascension,1
2021-12-04,Tangipahoa,1
2021-12-07,Calcasieu,1
2021-12-09,Caddo,1
2021-12-12,Calcasieu,1
2021-12-14,Jefferson,1
2021-12-15,East Baton Rouge,1
2021-12-16,Tangipahoa,1
2021-12-17,Terrebonne,1
2021-12-21,St. Charles,1
2021-12-21,St. John the Baptist,1
2021-12-22,St. Bernard,1
2021-12-27,Ascension,1
2021-12-28,St. Landry,1
2021-12-28,St. Martin,1
2021-12-29,Ascension,1
2021-12-29,Caddo,1
2021-12-31,East Baton Rouge,1
2022-01-02,East Feliciana,1
2022-01-07,St. Tammany,1
2022-01-11,Orleans,1
2022-01-14,Rapides,1
2022-01-15,Ascension,1
2022-01-17,Calcasieu,1
2022-01-18,East Baton Rouge,1
2022-01-18,Orleans,1
2022-01-20,Caddo,1
2022-01-26,Calcasieu,1
2022-01-31,Calcasieu,1
2022-01-31,Tangipahoa,1
2022-02-01,Ouachita,1
2022-02-02,Ascension,1
2022-02-06,East Baton Rouge,1
2022-02-07,Jefferson,1
2022-02-09,East Baton Rouge,1
2022-02-14,St. Charles,1
2022-02-16,Lincoln,1
2022-02-17,Rapides,1
2022-02-22,Ascension,1
2022-02-24,Plaquemines,1
2022-02-27,Winn,1
2022-02-28,Terrebonne,1
2022-03-01,Rapides,1
2022-03-02,East Baton Rouge,1
2022-03-03,Tangipahoa,1
2022-03-08,Ascension,1
2022-03-08,Jefferson,1
2022-03-09,Lafayette,1
2022-03-15,East Baton Rouge,1
2022-03-16,Iberville,1
2022-03-18,Iberville,1
2022-03-23,West Feliciana,1
2022-03-24,LaSalle,1
2022-03-26,Grant,1
2022-03-27,St. Charles,1
2022-03-28,Caddo,1
2022-03-30,Jefferson,1
2022-04-03,Pointe Coupee,1
2022-04-05,Bossier,1
2022-04-05,St. John the Baptist,1
2022-04-10,Lafayette,1
2022-04-11,Richland,1
2022-04-12,Jefferson,1
2022-04-14,Caddo,1
2022-04-14,Lafayette,1
2022-04-18,Rapides,1
2022-04-19,Caddo,1
2022-04-19,St. John the Baptist,1
2022-04-21,East Baton Rouge,1
2022-04-24,St. Bernard,1
2022-04-25,Iberia,1
2022-04-26,East Baton Rouge,1
2022-04-26,Lafayette,1
2022-04-26,Red River,1
2022-04-27,Ouachita,1
2022-04-28,Ascension,1
2022-05-02,Avoyelles,1
2022-05-06,Ouachita,1
2022-05-07,Cameron,1
2022-05-07,Tangipahoa,1
2022-05-08,Caddo,1
2022-05-08,Lafourche,1
2022-05-09,Lafayette,1
2022-05-09,St. Bernard,1
2022-05-10,Bienville,1
2022-05-12,Ascension,1
2022-05-16,Ascension,1
2022-05-16,Lafayette,1
2022-05-18,Lincoln,1
2022-05-20,East Baton Rouge,1
2022-05-26,East Baton Rouge,1
2022-05-28,East Baton Rouge,1
2022-05-30,Jefferson,1
2022-05-30,Lafayette,1
2022-06-03,East Baton Rouge,1
2022-06-05,Pointe Coupee,1
2022-06-06,Lafourche,1
2022-06-06,Orleans,1
2022-06-08,Orleans,1
2022-06-09,St. James,1
2022-06-09,Vermilion,1
2022-06-12,Jefferson,1
2022-06-13,Jefferson,1
2022-06-14,Plaquemines,1
2022-06-14,Rapides,1
2022-06-16,Lafayette,1
2022-06-17,East Baton Rouge,2
2022-06-17,Orleans,1
2022-06-21,East Baton Rouge,1
2022-06-21,Orleans,1
2022-06-22,St. Charles,1
2022-06-23,Iberia,1
2022-06-24,East Baton Rouge,1
2022-06-29,Iberia,1
2022-07-04,Calcasieu,1
2022-07-08,Bossier,1
2022-07-11,Terrebonne,1
2022-07-14,Orleans,1
2022-07-15,East Baton Rouge,1
2022-07-16,St. James,1
2022-07-19,East Baton Rouge,1
2022-07-19,Orleans,1
2022-07-21,Ouachita,1
2022-07-21,Vernon,1
2022-07-26,East Baton Rouge,1
2022-07-26,Orleans,1
2022-07-27,West Carroll,1
2022-08-01,Orleans,1
2022-08-05,St. Charles,1
2022-08-07,East Baton Rouge,1
2022-08-08,East Baton Rouge,1
2022-08-11,Lafayette,1
2022-08-14,East Carroll,1
2022-08-16,St. Landry,1
2022-08-18,Caddo,1
2022-08-18,East Baton Rouge,1
2022-08-22,Acadia,1
2022-08-23,Jefferson,1
2022-08-23,Orleans,1
2022-08-23,Vermilion,1
2022-08-25,Caddo,1
2022-08-25,Ouachita,1
2022-08-26,Allen,1
2022-08-27,Rapides,1
2022-08-29,St. Landry,1
2022-08-30,Ascension,1
2022-09-06,Jefferson,1
2022-09-12,Calcasieu,1
2022-09-14,East Baton Rouge,1
2022-09-14,Vernon,1
2022-09-18,Calcasieu,1
2022-09-20,St. Charles,1
2022-09-23,Beauregard,1
2022-09-26,Vernon,1
2022-09-27,Avoyelles,1
2022-09-28,Washington,1
2022-09-29,Bossier,1
2022-09-29,Winn,1
2022-10-05,St. John the Baptist,1
2022-10-10,Jefferson,1
2022-10-11,Lafayette,1
2022-10-16,Plaquemines,1
2022-10-17,Union,1
2022-10-18,St. Mary,1
2022-10-19,West Feliciana,1
2022-10-21,East Baton Rouge,1
2022-10-22,Webster,1
2022-10-29,St. Bernard,1
2022-10-30,Lafayette,1
2022-10-31,Ouachita,1
2022-11-03,De Soto,1
2022-11-03,Jefferson,1
2022-11-04,Lafayette,1
2022-11-04,St. Martin,1
2022-11-05,Iberville,1
2022-11-07,De Soto,1
2022-11-07,East Baton Rouge,1
2022-11-07,Madison,1
2022-11-09,Caddo,1
2022-11-09,Calcasieu,1
2022-11-11,Caddo,1
2022-11-14,Rapides,1
2022-11-23,East Baton Rouge,1
2022-11-23,Ouachita,1
2022-11-24,Livingston,1
2022-11-27,Caddo,1
2022-12-01,Terrebonne,1
2022-12-02,Orleans,1
2022-12-03,Caddo,1
2022-12-06,Evangeline,1
2022-12-07,Ascension,1
2022-12-09,Orleans,1
2022-12-10,East Baton Rouge,1
2022-12-11,St. Tammany,1
2022-12-12,Plaquemines,1
2022-12-14,Lincoln,1
2022-12-19,East Baton Rouge,1
2022-12-19,Terrebonne,1
2022-12-20,Jefferson,1
2022-12-20,Lafayette,1
2022-12-20,Plaquemines,1
2022-12-22,Lafayette,1
2022-12-22,St. John the Baptist,1
2022-12-22,Tangipahoa,1
2023-01-02,St. James,1
2023-01-03,Bienville,1
2023-01-05,Terrebonne,1
2023-01-06,Jefferson,1
2023-01-10,Calcasieu,1
2023-01-10,East Baton Rouge,1
2023-01-12,Beauregard,1
2023-01-13,Lafourche,1
2023-01-13,St. Tammany,1
2023-01-15,Rapides,1
2023-01-18,St. Charles,1
2023-01-19,St. Bernard,1
2023-01-19,Tangipahoa,1
2023-01-24,Bossier,1
2023-01-25,Terrebonne,1
2023-01-26,St. Martin,1
2023-01-27,Calcasieu,1
2023-01-27,Orleans,1
2023-01-28,Winn,1
2023-01-30,Acadia,1
2023-01-31,Orleans,1
2023-02-02,Orleans,1
2023-02-03,St. Charles,1
2023-02-06,De Soto,1
2023-02-06,Orleans,1
2023-02-06,St. Martin,1
2023-02-06,St. Tammany,1
2023-02-08,Caddo,1
2023-02-12,Bossier,1
2023-02-15,Calcasieu,1
2023-02-20,Richland,1
2023-02-22,Rapides,1
2023-02-22,Richland,1
2023-02-23,East Baton Rouge,1
2023-02-23,Lincoln,1
2023-02-28,Ascension,1
2023-03-01,Webster,1
2023-03-06,Caddo,1
2023-03-06,St. Charles,1
2023-03-08,Beauregard,1
2023-03-13,Caddo,1
2023-03-15,East Baton Rouge,1
2023-03-17,East Baton Rouge,1
2023-03-17,Orleans,1
2023-03-17,Terrebonne,1
2023-03-21,Iberville,1
2023-03-23,Caddo,1
2023-03-28,Livingston,1
2023-03-28,St. James,1
2023-03-29,St. Bernard,1
2023-04-03,St. Charles,1
2023-04-05,Concordia,1
2023-04-05,Terrebonne,1
2023-04-07,East Baton Rouge,1
2023-04-07,Iberville,1
2023-04-07,Pointe Coupee,1
2023-04-10,Jefferson,1
2023-04-13,Jefferson,1
2023-04-13,St. Tammany,1
2023-04-14,Natchitoches,1
2023-04-14,Ouachita,1
2023-04-15,Morehouse,1
2023-04-18,Calcasieu,1
2023-04-21,St. James,1
2023-04-25,Lafayette,1
2023-04-25,St. Landry,1
2023-04-26,Bossier,1
2023-04-27,Jefferson,1
2023-04-29,St. Bernard,1
2023-04-29,St. Charles,1
2023-05-02,Calcasieu,1
2023-05-02,St. Tammany,2
2023-05-02,Terrebonne,1
2023-05-03,Ouachita,1
2023-05-04,De Soto,1
2023-05-04,Lafourche,1
2023-05-04,Orleans,1
2023-05-08,St. John the Baptist,1
2023-05-09,Iberville,1
2023-05-09,Morehouse,1
2023-05-13,Grant,1
2023-05-13,Jefferson,1
2023-05-17,Beauregard,1
2023-05-18,St. Bernard,1
2023-05-19,Plaquemines,1
2023-05-22,Caddo,1
2023-05-24,Bienville,1
2023-05-27,Orleans,1
2023-05-30,Calcasieu,1
2023-05-30,Ouachita,1
2023-06-01,Lafayette,1
2023-06-04,Ascension,1
2023-06-07,Bossier,1
2023-06-07,Rapides,1
2023-06-08,De Soto,1
2023-06-09,Jefferson,1
2023-06-13,Lafourche,1
2023-06-14,Iberia,1
2023-06-15,East Baton Rouge,1
2023-06-17,Terrebonne,1
2023-06-19,Jefferson,1
2023-06-20,De Soto,1
2023-06-20,East Baton Rouge,1
2023-06-21,St. Charles,1
2023-06-22,Ouachita,1
2023-06-27,Lafayette,1
2023-07-01,St. Landry,1
2023-07-04,Ascension,1
2023-07-05,East Baton Rouge,1
2023-07-06,Lafourche,1
2023-07-10,Calcasieu,1
2023-07-11,Lafayette,1
2023-07-17,Terrebonne,1
2023-07-18,Caddo,1
2023-07-19,Caddo,1
2023-07-20,Orleans,1
2023-07-24,Caddo,1
2023-07-24,St. Tammany,1
2023-07-25,Assumption,1
2023-07-25,Caddo,1
2023-07-26,Vernon,1
2023-07-27,Iberia,1
2023-07-27,St. Tammany,1
2023-07-29,Bossier,1
2023-07-30,Orleans,1
2023-07-31,East Baton Rouge,1
2023-07-31,St. Landry,1
2023-07-31,Vernon,1
2023-08-03,Bossier,1
2023-08-08,Ascension,1
2023-08-08,Livingston,1
2023-08-10,Grant,1
2023-08-10,Orleans,1
2023-08-10,Rapides,1
2023-08-15,Jefferson,1
2023-08-15,Lafayette,1
2023-08-17,Red River,1
2023-08-18,Avoyelles,1
2023-08-22,Orleans,1
2023-08-29,East Baton Rouge,1
2023-08-29,Terrebonne,1
2023-08-31,Lincoln,1
2023-09-03,Orleans,1
2023-09-05,Orleans,1
2023-09-06,Ouachita,1
2023-09-07,Caddo,1
2023-09-07,East Baton Rouge,1
2023-09-08,Rapides,1
2023-09-11,East Baton Rouge,1
2023-09-12,Assumption,1
2023-09-12,Tangipahoa,1
2023-09-13,Webster,1
2023-09-13,West Baton Rouge,1
2023-09-16,Orleans,1
2023-09-19,Ascension,1
2023-09-20,Jefferson,1
2023-09-22,Orleans,1
2023-09-24,East Baton Rouge,1
2023-09-29,Lincoln,1
2023-09-29,St. Landry,1
2023-10-01,Lafourche,1
2023-10-03,De Soto,1
2023-10-03,Jefferson,1
2023-10-06,St. James,1
2023-10-09,Jefferson,1
2023-10-10,Orleans,1
2023-10-10,Sabine,1
2023-10-11,Jefferson,1
2023-10-12,Ouachita,1
2023-10-13,Iberville,1
2023-10-13,Terrebonne,1
2023-10-17,Orleans,1
2023-10-18,Allen,1
2023-10-20,Ouachita,1
2023-10-23,Plaquemines,1
2023-10-25,Assumption,1
2023-10-25,Jefferson,1
2023-10-27,Iberville,1
2023-10-27,Orleans,1
2023-10-27,Pointe Coupee,1
2023-11-03,St. John the Baptist,1
2023-11-06,East Baton Rouge,1
2023-11-06,Lafourche,1
2023-11-06,Terrebonne,1
2023-11-09,East Baton Rouge,1
2023-11-10,Jefferson,1
2023-11-13,Iberville,1
2023-11-13,St. Martin,1
2023-11-15,Plaquemines,1
2023-11-16,Bienville,1
2023-11-21,Caddo,1
2023-11-21,Ouachita,1
2023-11-28,St. Charles,1
2023-11-30,East Baton Rouge,1
2023-12-02,Orleans,1
2023-12-03,Ascension,1
2023-12-03,Orleans,1
2023-12-05,St. Mary,1
2023-12-14,Terrebonne,1
2023-12-15,Plaquemines,1
2023-12-17,Bossier,1
2023-12-20,Jefferson Davis,1
2023-12-26,Rapides,1
2023-12-27,West Baton Rouge,1
2023-12-29,Calcasieu,1
2023-12-30,East Baton Rouge,1
2024-01-04,Assumption,1
2024-01-05,Jefferson,1
2024-01-06,Winn,1
2024-01-11,Tangipahoa,1
2024-01-15,Caddo,1
2024-01-15,Calcasieu,1
2024-01-15,Jefferson,1
2024-01-16,Rapides,1
2024-01-18,St. James,1
2024-01-22,Beauregard,1
2024-01-24,Acadia,1
2024-01-25,Natchitoches,1
2024-01-31,Lafayette,1
2024-02-03,Caddo,1
2024-02-04,Caddo,1
2024-02-07,Caddo,1
2024-02-07,East Baton Rouge,1
2024-02-07,St. Charles,1
2024-02-08,East Baton Rouge,1
2024-02-10,Caddo,1
2024-02-10,Terrebonne,1
2024-02-13,East Baton Rouge,1
2024-02-14,Calcasieu,1
2024-02-16,De Soto,1
2024-02-16,Red River,1
2024-02-22,Claiborne,1
2024-02-23,Caddo,1
2024-02-23,St. Landry,1
2024-02-23,St. Mary,1
2024-02-27,Ouachita,1
2024-02-27,Rapides,1
2024-02-28,Acadia,1
2024-02-28,Iberville,1
2024-02-29,Jefferson,1
2024-03-01,Iberia,1
2024-03-01,Orleans,1
2024-03-02,East Baton Rouge,1
2024-03-19,East Baton Rouge,1
2024-03-19,St. Charles,1
2024-03-20,Calcasieu,1
2024-03-25,Plaquemines,1
2024-04-04,De Soto,1
2024-04-04,Orleans,1
2024-04-04,Webster,1
2024-04-05,Iberville,1
2024-04-08,East Baton Rouge,1
2024-04-08,Jefferson,1
2024-04-11,Bossier,1
2024-04-11,Jefferson,1
2024-04-12,Jefferson,1
2024-04-14,Calcasieu,1
2024-04-14,Ouachita,1
2024-04-18,East Feliciana,1
2024-04-21,East Baton Rouge,1
2024-04-22,Morehouse,1
2024-04-24,Caddo,1
2024-04-24,Jefferson,1
2024-04-25,Caddo,1
2024-04-25,Orleans,1
2024-04-30,East Baton Rouge,1
2024-05-07,Jefferson,1
2024-05-08,East Feliciana,1
2024-05-23,Bossier,1
2024-05-25,Rapides,1
2024-05-26,Iberia,1
2024-05-31,Caddo,1
2024-06-04,Evangeline,1
2024-06-05,Jefferson,1
2024-06-06,East Baton Rouge,1
2024-06-07,Ascension,1
2024-06-07,Jefferson,1
2024-06-09,Livingston,1
2024-06-10,Rapides,1
2024-06-11,Grant,1
2024-06-11,Jefferson,1
2024-06-12,Calcasieu,1
2024-06-12,St. Landry,1
2024-06-17,De Soto,1
2024-06-18,Jackson,1
2024-06-19,East Baton Rouge,1
2024-06-19,Orleans,2
2024-06-19,Ouachita,1
2024-06-19,Plaquemines,1
2024-06-21,Tangipahoa,1
2024-06-24,Grant,1
2024-06-24,Pointe Coupee,1
2024-06-25,Iberville,1
2024-06-25,St. Landry,1
2024-06-25,Tangipahoa,1
2024-06-30,Jefferson,1
2024-07-02,Avoyelles,1
2024-07-12,Calcasieu,1
2024-07-12,St. Mary,1
2024-07-13,Jefferson Davis,1
2024-07-14,Calcasieu,1
2024-07-16,Evangeline,1
2024-07-17,Bossier,1
2024-07-17,Caddo,1
2024-07-17,East Baton Rouge,1
2024-07-18,St. Martin,1
2024-07-19,Lafayette,1
2024-07-22,Calcasieu,1
2024-07-23,St. Landry,1
2024-07-25,Beauregard,1
2024-07-28,Terrebonne,1
2024-07-29,West Baton Rouge,1
2024-07-30,Caldwell,1
2024-08-01,Iberville,1
2024-08-02,Livingston,1
2024-08-05,East Baton Rouge,1
2024-08-07,Bossier,1
2024-08-07,Pointe Coupee,1
2024-08-08,Caddo,1
2024-08-12,East Baton Rouge,1
2024-08-15,Orleans,1
2024-08-16,Iberia,1
2024-08-17,Jefferson,1
2024-08-18,Jefferson,1
2024-08-20,Tangipahoa,1
2024-08-20,Webster,1
2024-08-23,East Baton Rouge,1
2024-08-26,Plaquemines,1
2024-08-28,Caddo,1
2024-08-29,Ascension,1
2024-09-01,Acadia,1
2024-09-04,Caddo,1
2024-09-04,De Soto,1
2024-09-06,East Baton Rouge,1
2024-09-08,Tangipahoa,1
2024-09-09,Lafayette,1
2024-09-09,Orleans,1
2024-09-09,West Baton Rouge,1
2024-09-10,LaSalle,1
2024-09-13,Evangeline,1
2024-09-16,Calcasieu,1
2024-09-16,Lafayette,1
2024-09-16,Orleans,1
2024-09-17,Orleans,1
2024-09-18,Iberville,1
2024-09-22,East Baton Rouge,1
2024-09-23,Lafayette,1
2024-09-24,St. Landry,1
2024-09-25,Bienville,1
2024-09-27,Calcasieu,1
2024-09-28,Orleans,1
2024-09-30,Lafayette,1
2024-10-03,Morehouse,1
2024-10-08,Tangipahoa,1
2024-10-09,Calcasieu,1
2024-10-10,Calcasieu,1
2024-10-18,Morehouse,1
2024-10-18,Tangipahoa,1
2024-10-19,St. Landry,1
2024-10-28,Webster,1
2024-10-29,Iberia,1
2024-10-29,Plaquemines,1
2024-10-30,Ascension,1
2024-11-07,Caddo,1
2024-11-12,St. Charles,1
2024-11-13,Calcasieu,1
2024-11-22,Vernon,1
2024-11-26,Jefferson,1
2024-12-02,East Baton Rouge,1
2024-12-02,Jefferson,1
2024-12-11,Acadia,1
2024-12-19,Plaquemines,1
2024-12-20,Orleans,1
2024-12-24,Jefferson,1
2024-12-24,Tangipahoa,1
2025-01-04,Assumption,1
2025-01-06,Tangipahoa,1
2025-01-09,St. Tammany,1
2025-01-13,Acadia,1
2025-01-14,Jefferson,1
2025-01-27,Caddo,1
2025-01-28,Iberville,1
2025-01-31,East Baton Rouge,1
2025-01-31,Plaquemines,1
2025-02-03,De Soto,1
2025-02-04,St. Bernard,1
2025-02-06,East Baton Rouge,1
2025-02-06,Orleans,2
2025-02-11,Terrebonne,1
2025-02-13,Orleans,1
2025-02-14,Lafourche,1
2025-02-23,Ouachita,1
2025-02-24,Plaquemines,1
2025-02-24,West Baton Rouge,1
2025-02-28,St. James,1
2025-03-01,Plaquemines,1
2025-03-03,Caddo,1
2025-03-07,Sabine,1
2025-03-11,Assumption,1
2025-03-11,Union,1
2025-03-14,St. Bernard,1
2025-03-17,Iberville,1
2025-03-17,Orleans,1
2025-03-18,Iberville,1
2025-03-20,Jefferson,1
2025-03-22,East Baton Rouge,1
2025-03-24,East Baton Rouge,1
2025-03-26,Ascension,1
2025-03-26,Jefferson,1
2025-03-28,Caddo,1
2025-03-28,Jefferson,1
2025-04-02,Jefferson,1
2025-04-02,St. Martin,1
2025-04-03,Orleans,1
2025-04-06,Bienville,1
2025-04-11,Lincoln,1
2025-04-13,Beauregard,1
2025-04-16,East Baton Rouge,1
2025-04-16,Livingston,1
2025-04-22,Natchitoches,1
2025-04-25,Terrebonne,1
2025-04-28,Morehouse,1
2025-05-01,Calcasieu,1
2025-05-01,Webster,1
2025-05-02,Richland,1
2025-05-04,Jefferson,1
2025-05-04,Plaquemines,1
2025-05-06,Caddo,1
2025-05-06,Orleans,1
2025-05-06,St. Mary,1
2025-05-08,East Feliciana,1
2025-05-14,East Baton Rouge,1
2025-05-17,De Soto,1
2025-05-19,Franklin,1
2025-05-21,Caddo,1
2025-05-22,Tangipahoa,1
2025-05-26,Orleans,1
2025-05-27,Winn,1
2025-05-28,Rapides,1
2025-05-30,St. Mary,1
2025-06-02,St. Charles,1
2025-06-07,Jefferson,1
2025-06-08,Cameron,1
2025-06-09,Claiborne,1
2025-06-10,Jefferson,2
2025-06-10,Orleans,1
2025-06-15,Iberia,1
2025-06-16,Lafayette,1
2025-06-16,St. Bernard,1
2025-06-17,Plaquemines,1
2025-06-17,St. Martin,1
2025-06-20,Livingston,1
2025-06-22,Natchitoches,1
2025-06-23,Natchitoches,1
2025-06-25,St. Tammany,1
2025-06-26,St. John the Baptist,1
2025-06-28,St. Tammany,1
2025-06-30,Bienville,1
2025-07-03,Cameron,1
2025-07-03,Grant,1
2025-07-03,Union,1
2025-07-04,St. John the Baptist,1
2025-07-05,De Soto,1
2025-07-06,Lafourche,1
2025-07-09,Bossier,1
2025-07-09,St. Tammany,1
2025-07-10,Ascension,1
2025-07-10,Jefferson,1
2025-07-12,Lafourche,1
2025-07-14,East Baton Rouge,1
2025-07-16,Jefferson,1
2025-07-17,Lafayette,1
2025-07-18,Ascension,1
2025-07-21,Calcasieu,1
2025-07-22,Rapides,1
2025-07-23,Iberia,1
2025-07-23,Pointe Coupee,1
2025-07-25,St. Tammany,1
2025-07-27,Calcasieu,1
2025-07-28,St. James,1
